BEGIN TRANSACTION;
CREATE TABLE IF NOT EXISTS "__EFMigrationsHistory" (
	"MigrationId"	TEXT NOT NULL,
	"ProductVersion"	TEXT NOT NULL,
	CONSTRAINT "PK___EFMigrationsHistory" PRIMARY KEY("MigrationId")
);
CREATE TABLE IF NOT EXISTS "Persons" (
	"Id"	INTEGER NOT NULL,
	"Name"	TEXT,
	"Surname"	TEXT,
	"Pesel"	TEXT,
	"BirthDate"	TEXT NOT NULL,
	"Gender"	TEXT,
	CONSTRAINT "PK_Persons" PRIMARY KEY("Id" AUTOINCREMENT)
);
CREATE TABLE IF NOT EXISTS "Specjalizations" (
	"Id"	INTEGER NOT NULL,
	"Name"	TEXT,
	CONSTRAINT "PK_Specjalizations" PRIMARY KEY("Id" AUTOINCREMENT)
);
CREATE TABLE IF NOT EXISTS "Patients" (
	"Id"	INTEGER NOT NULL,
	"PersonId"	INTEGER NOT NULL,
	CONSTRAINT "FK_Patients_Persons_PersonId" FOREIGN KEY("PersonId") REFERENCES "Persons"("Id") ON DELETE CASCADE,
	CONSTRAINT "PK_Patients" PRIMARY KEY("Id" AUTOINCREMENT)
);
CREATE TABLE IF NOT EXISTS "Doctors" (
	"Id"	INTEGER NOT NULL,
	"PersonId"	INTEGER NOT NULL,
	"SpecjalizationId"	INTEGER NOT NULL,
	CONSTRAINT "FK_Doctors_Specjalizations_SpecjalizationId" FOREIGN KEY("SpecjalizationId") REFERENCES "Specjalizations"("Id") ON DELETE CASCADE,
	CONSTRAINT "FK_Doctors_Persons_PersonId" FOREIGN KEY("PersonId") REFERENCES "Persons"("Id") ON DELETE CASCADE,
	CONSTRAINT "PK_Doctors" PRIMARY KEY("Id" AUTOINCREMENT)
);
CREATE TABLE IF NOT EXISTS "Visits" (
	"Id"	INTEGER NOT NULL,
	"Date"	TEXT NOT NULL,
	"PatientId"	INTEGER,
	"DoctorId"	INTEGER NOT NULL,
	CONSTRAINT "PK_Visits" PRIMARY KEY("Id" AUTOINCREMENT),
	CONSTRAINT "FK_Visits_Patients_PatientId" FOREIGN KEY("PatientId") REFERENCES "Patients"("Id") ON DELETE CASCADE,
	CONSTRAINT "FK_Visits_Doctors_DoctorId" FOREIGN KEY("DoctorId") REFERENCES "Doctors"("Id") ON DELETE CASCADE
);
INSERT INTO "__EFMigrationsHistory" VALUES ('20211229231346_InitialCreate','3.1.22');
INSERT INTO "Persons" VALUES (1,'Dominik','Marchewka','96101223456','','M');
INSERT INTO "Persons" VALUES (2,'Adam','Parciak','89121254093','','M');
INSERT INTO "Persons" VALUES (3,'Piotr','Ciećwierz','87071037836','','M');
INSERT INTO "Persons" VALUES (4,'Daniel','Buczko','88081128587','','M');
INSERT INTO "Persons" VALUES (5,'Anna','Lewandowska','82020986438','','K');
INSERT INTO "Persons" VALUES (6,'Jan','Kowalski','50020293995','','M');
INSERT INTO "Persons" VALUES (7,'Adrianna','Celeban','72121988136','','K');
INSERT INTO "Persons" VALUES (8,'Wanda','Kowalczyk','56072683513','','K');
INSERT INTO "Persons" VALUES (9,'Kamil','Juras','53091477215','','M');
INSERT INTO "Persons" VALUES (10,'Aleksandra','Bereda','96062743148','','K');
INSERT INTO "Persons" VALUES (11,'Wiktoria','Sarna','46111296527','','K');
INSERT INTO "Persons" VALUES (12,'Patrycja','Garnek','03322822431','','K');
INSERT INTO "Persons" VALUES (13,'Stanisław','Kocjan','64110358895','','M');
INSERT INTO "Persons" VALUES (14,'Konrad','Krakowski','90072988728','','M');
INSERT INTO "Persons" VALUES (15,'Piotr','Sandomierski','55052594665','','M');
INSERT INTO "Persons" VALUES (16,'Kaja','Sadoch','46070557569','','K');
INSERT INTO "Persons" VALUES (17,'Martyna','Pośladek','71040353959','','K');
INSERT INTO "Persons" VALUES (18,'Wojciech','Komar','72030168294','','M');
INSERT INTO "Persons" VALUES (19,'Anna','Stańska','87101347812','','K');
INSERT INTO "Persons" VALUES (20,'Lucyna','Kowalczyk','58062282654','','K');
INSERT INTO "Persons" VALUES (21,'Monika','Gratka','67012626457','','K');
INSERT INTO "Persons" VALUES (22,'Karolina','Wojtyła','83110753615','','K');
INSERT INTO "Persons" VALUES (23,'Wojciech','Konar','91090987971','','M');
INSERT INTO "Persons" VALUES (24,'Paulo','Sousa','61071488977','','M');
INSERT INTO "Persons" VALUES (25,'Patryk','Bartczak','52100846198','','M');
INSERT INTO "Persons" VALUES (26,'Beata','Kozidrak','96121059193','','K');
INSERT INTO "Persons" VALUES (27,'Jacek','Kulesza','90061814795','','M');
INSERT INTO "Persons" VALUES (28,'Magdalena','Kartofel','85112678499','','K');
INSERT INTO "Persons" VALUES (29,'Dominik','Popek','99022386456','','M');
INSERT INTO "Persons" VALUES (30,'Gracjan','Rostek','52121778445','','M');
INSERT INTO "Specjalizations" VALUES (1,'Dentysta');
INSERT INTO "Specjalizations" VALUES (2,'Internista');
INSERT INTO "Specjalizations" VALUES (3,'Ginekolog');
INSERT INTO "Specjalizations" VALUES (4,'Dermatolog');
INSERT INTO "Specjalizations" VALUES (5,'Alergolog');
INSERT INTO "Specjalizations" VALUES (6,'Endokrynolog');
INSERT INTO "Specjalizations" VALUES (7,'Okulista');
INSERT INTO "Specjalizations" VALUES (8,'Laryngolog');
INSERT INTO "Specjalizations" VALUES (9,'Ortopeda');
INSERT INTO "Specjalizations" VALUES (10,'Chirurg');
INSERT INTO "Specjalizations" VALUES (11,'Pediatra');
INSERT INTO "Specjalizations" VALUES (12,'Psycholog');
INSERT INTO "Patients" VALUES (1,16);
INSERT INTO "Patients" VALUES (2,17);
INSERT INTO "Patients" VALUES (3,18);
INSERT INTO "Patients" VALUES (4,19);
INSERT INTO "Patients" VALUES (5,20);
INSERT INTO "Patients" VALUES (6,21);
INSERT INTO "Patients" VALUES (7,22);
INSERT INTO "Patients" VALUES (8,23);
INSERT INTO "Patients" VALUES (9,24);
INSERT INTO "Patients" VALUES (10,25);
INSERT INTO "Patients" VALUES (11,26);
INSERT INTO "Patients" VALUES (12,27);
INSERT INTO "Patients" VALUES (13,28);
INSERT INTO "Patients" VALUES (14,29);
INSERT INTO "Patients" VALUES (15,30);
INSERT INTO "Patients" VALUES (16,11);
INSERT INTO "Patients" VALUES (17,1);
INSERT INTO "Patients" VALUES (18,2);
INSERT INTO "Patients" VALUES (19,3);
INSERT INTO "Doctors" VALUES (1,1,2);
INSERT INTO "Doctors" VALUES (2,2,2);
INSERT INTO "Doctors" VALUES (3,3,3);
INSERT INTO "Doctors" VALUES (4,4,4);
INSERT INTO "Doctors" VALUES (5,5,5);
INSERT INTO "Doctors" VALUES (6,6,6);
INSERT INTO "Doctors" VALUES (7,7,7);
INSERT INTO "Doctors" VALUES (8,8,8);
INSERT INTO "Doctors" VALUES (9,9,9);
INSERT INTO "Doctors" VALUES (10,10,10);
INSERT INTO "Doctors" VALUES (11,11,11);
INSERT INTO "Doctors" VALUES (12,12,12);
INSERT INTO "Doctors" VALUES (13,13,1);
INSERT INTO "Doctors" VALUES (14,14,4);
INSERT INTO "Doctors" VALUES (15,15,5);
INSERT INTO "Visits" VALUES (1,'2022-02-01 14:00:00.0000000',NULL,1);
INSERT INTO "Visits" VALUES (2,'2022-02-01 14:30:00.0000000',NULL,1);
INSERT INTO "Visits" VALUES (3,'2022-02-01 15:00:00.0000000',NULL,1);
INSERT INTO "Visits" VALUES (4,'2022-02-01 15:30:00.0000000',NULL,1);
INSERT INTO "Visits" VALUES (6,'2022-02-01 14:00:00.0000000',NULL,3);
INSERT INTO "Visits" VALUES (7,'2022-02-01 14:00:00.0000000',NULL,3);
INSERT INTO "Visits" VALUES (8,'2022-02-01 14:30:00.0000000',NULL,3);
INSERT INTO "Visits" VALUES (9,'2022-02-01 15:00:00.0000000',NULL,3);
INSERT INTO "Visits" VALUES (10,'2022-02-01 15:30:00.0000000',NULL,3);
INSERT INTO "Visits" VALUES (11,'2022-02-01 07:30:00.0000000',NULL,2);
INSERT INTO "Visits" VALUES (12,'2022-02-01 08:00:00.0000000',NULL,2);
INSERT INTO "Visits" VALUES (13,'2022-02-01 08:30:00.0000000',NULL,2);
INSERT INTO "Visits" VALUES (14,'2022-02-01 09:00:00.0000000',NULL,2);
INSERT INTO "Visits" VALUES (15,'2022-02-01 14:00:00.0000000',NULL,4);
INSERT INTO "Visits" VALUES (16,'2022-02-01 14:30:00.0000000',NULL,4);
INSERT INTO "Visits" VALUES (17,'2022-02-01 15:00:00.0000000',NULL,4);
INSERT INTO "Visits" VALUES (18,'2022-02-01 15:30:00.0000000',NULL,4);
INSERT INTO "Visits" VALUES (19,'2022-02-01 07:30:00.0000000',NULL,5);
INSERT INTO "Visits" VALUES (20,'2022-02-01 08:00:00.0000000',NULL,5);
INSERT INTO "Visits" VALUES (21,'2022-02-01 08:30:00.0000000',NULL,5);
INSERT INTO "Visits" VALUES (22,'2022-02-01 09:00:00.0000000',NULL,5);
INSERT INTO "Visits" VALUES (23,'2022-02-01 14:00:00.0000000',NULL,6);
INSERT INTO "Visits" VALUES (24,'2022-02-01 14:30:00.0000000',NULL,6);
INSERT INTO "Visits" VALUES (25,'2022-02-01 15:00:00.0000000',NULL,6);
INSERT INTO "Visits" VALUES (26,'2022-02-01 15:30:00.0000000',NULL,6);
INSERT INTO "Visits" VALUES (27,'2022-02-01 07:30:00.0000000',NULL,7);
INSERT INTO "Visits" VALUES (28,'2022-02-01 08:00:00.0000000',NULL,7);
INSERT INTO "Visits" VALUES (29,'2022-02-01 08:30:00.0000000',NULL,7);
INSERT INTO "Visits" VALUES (30,'2022-02-01 09:00:00.0000000',NULL,7);
INSERT INTO "Visits" VALUES (31,'2022-02-01 14:00:00.0000000',NULL,8);
INSERT INTO "Visits" VALUES (32,'2022-02-01 14:30:00.0000000',NULL,8);
INSERT INTO "Visits" VALUES (33,'2022-02-01 15:00:00.0000000',NULL,8);
INSERT INTO "Visits" VALUES (34,'2022-02-01 15:30:00.0000000',NULL,8);
INSERT INTO "Visits" VALUES (35,'2022-02-01 07:30:00.0000000',NULL,9);
INSERT INTO "Visits" VALUES (36,'2022-02-01 08:00:00.0000000',NULL,9);
INSERT INTO "Visits" VALUES (37,'2022-02-01 08:30:00.0000000',NULL,9);
INSERT INTO "Visits" VALUES (38,'2022-02-01 09:00:00.0000000',NULL,9);
INSERT INTO "Visits" VALUES (39,'2022-02-01 14:00:00.0000000',NULL,10);
INSERT INTO "Visits" VALUES (40,'2022-02-01 14:30:00.0000000',NULL,10);
INSERT INTO "Visits" VALUES (41,'2022-02-01 15:00:00.0000000',NULL,10);
INSERT INTO "Visits" VALUES (42,'2022-02-01 15:30:00.0000000',NULL,10);
INSERT INTO "Visits" VALUES (43,'2022-02-01 07:30:00.0000000',NULL,11);
INSERT INTO "Visits" VALUES (44,'2022-02-01 08:00:00.0000000',NULL,11);
INSERT INTO "Visits" VALUES (45,'2022-02-01 08:30:00.0000000',NULL,11);
INSERT INTO "Visits" VALUES (46,'2022-02-01 09:00:00.0000000',NULL,11);
INSERT INTO "Visits" VALUES (47,'2022-02-02 14:00:00.0000000',NULL,10);
INSERT INTO "Visits" VALUES (48,'2022-02-02 14:30:00.0000000',NULL,10);
INSERT INTO "Visits" VALUES (49,'2022-02-02 15:00:00.0000000',NULL,10);
INSERT INTO "Visits" VALUES (50,'2022-02-02 15:30:00.0000000',NULL,10);
INSERT INTO "Visits" VALUES (51,'2022-02-02 07:30:00.0000000',NULL,11);
INSERT INTO "Visits" VALUES (52,'2022-02-02 08:00:00.0000000',NULL,11);
INSERT INTO "Visits" VALUES (53,'2022-02-02 08:30:00.0000000',NULL,11);
INSERT INTO "Visits" VALUES (54,'2022-02-02 09:00:00.0000000',NULL,11);
INSERT INTO "Visits" VALUES (55,'2022-02-03 14:00:00.0000000',NULL,10);
INSERT INTO "Visits" VALUES (56,'2022-02-03 14:30:00.0000000',NULL,10);
INSERT INTO "Visits" VALUES (57,'2022-02-03 15:00:00.0000000',NULL,10);
INSERT INTO "Visits" VALUES (58,'2022-02-03 15:30:00.0000000',NULL,10);
INSERT INTO "Visits" VALUES (59,'2022-02-03 07:30:00.0000000',NULL,11);
INSERT INTO "Visits" VALUES (60,'2022-02-03 08:00:00.0000000',NULL,11);
INSERT INTO "Visits" VALUES (61,'2022-02-03 08:30:00.0000000',NULL,11);
INSERT INTO "Visits" VALUES (62,'2022-02-03 09:00:00.0000000',NULL,11);
INSERT INTO "Visits" VALUES (63,'2022-01-31 14:00:00.0000000',NULL,10);
INSERT INTO "Visits" VALUES (64,'2022-01-31 14:30:00.0000000',NULL,10);
INSERT INTO "Visits" VALUES (65,'2022-01-31 15:00:00.0000000',NULL,10);
INSERT INTO "Visits" VALUES (66,'2022-01-31 15:30:00.0000000',NULL,10);
INSERT INTO "Visits" VALUES (67,'2022-01-31 07:30:00.0000000',NULL,11);
INSERT INTO "Visits" VALUES (68,'2022-01-31 08:00:00.0000000',NULL,11);
INSERT INTO "Visits" VALUES (69,'2022-01-31 08:30:00.0000000',NULL,11);
INSERT INTO "Visits" VALUES (70,'2022-01-31 09:00:00.0000000',NULL,11);
CREATE INDEX IF NOT EXISTS "IX_Doctors_PersonId" ON "Doctors" (
	"PersonId"
);
CREATE INDEX IF NOT EXISTS "IX_Doctors_SpecjalizationId" ON "Doctors" (
	"SpecjalizationId"
);
CREATE INDEX IF NOT EXISTS "IX_Patients_PersonId" ON "Patients" (
	"PersonId"
);
CREATE INDEX IF NOT EXISTS "IX_Visits_DoctorId" ON "Visits" (
	"DoctorId"
);
CREATE INDEX IF NOT EXISTS "IX_Visits_PatientId" ON "Visits" (
	"PatientId"
);
COMMIT;
